{
  "hand_depth": 0.018883,
  "init_bite": 0.005,
  "max_width": 0.048,
  "hand_height": 0.020832,
  "finger_width": 0.00586,
  "hand_outer_diameter": 0.061398
}
